{
    "name": "HID Keyboard",
    "vendorId": "0x4C4B",
    "productId": "0x4643",
    "lighting": "none",
    "matrix": {
        "rows": 4,
        "cols": 3
    },
    "layouts": {
        "keymap": [
  [
    {
      "x": 3
    },
    "0,2",
    {
      "x": 9
    },
    "0,8"
  ],
  [
    {
      "y": -0.87,
      "x": 2
    },
    "0,3",
    {
      "x": 1
    },
    "0,1",
    {
      "x": 7
    },
    "0,7",
    {
      "x": 1
    },
    "0,9"
  ],
  [
    {
      "y": -0.8799999999999999,
      "x": 5
    },
    "0,0",
    {
      "x": 5
    },
    "0,6"
  ],
  [
    {
      "y": -0.87
    },
    "0,5",
    "0,4",
    {
      "x": 13
    },
    "0,10",
    "0,11"
  ],
  [
    {
      "y": -0.38,
      "x": 3
    },
    "1,2"
  ],
  [
    {
      "y": -1,
      "x": 13
    },
    "1,8"
  ],
  [
    {
      "y": -0.8700000000000001,
      "x": 2
    },
    "1,3",
    {
      "x": 1
    },
    "1,1",
    {
      "x": 7
    },
    "1,7",
    {
      "x": 1
    },
    "1,9"
  ],
  [
    {
      "y": -0.8799999999999999,
      "x": 5
    },
    "1,0",
    {
      "x": 5
    },
    "1,6"
  ],
  [
    {
      "y": -0.8700000000000001
    },
    "1,5",
    "1,4",
    {
      "x": 13
    },
    "1,10",
    "1,11"
  ],
  [
    {
      "y": -0.3799999999999999,
      "x": 3
    },
    "3,2",
    {
      "x": 9
    },
    "3,8"
  ],
  [
    {
      "y": -0.8700000000000001,
      "x": 2
    },
    "2,3",
    {
      "x": 1
    },
    "2,1",
    {
      "x": 7
    },
    "2,7",
    {
      "x": 1
    },
    "2,9"
  ],
  [
    {
      "y": -0.8799999999999999,
      "x": 5
    },
    "2,0",
    {
      "x": 5
    },
    "2,6"
  ],
  [
    {
      "y": -0.8700000000000001
    },
    "2,5",
    "2,4",
    {
      "x": 13
    },
    "2,10",
    "2,11"
  ],
  [
    {
      "y": -0.3799999999999999,
      "x": 3
    },
    "3,2",
    {
      "x": 9
    },
    "3,8"
  ],
  [
    {
      "y": -0.8700000000000001,
      "x": 2
    },
    "3,3",
    {
      "x": 1
    },
    "3,1",
    {
      "x": 7
    },
    "3,7",
    {
      "x": 1
    },
    "3,9"
  ],
  [
    {
      "y": -0.8799999999999999,
      "x": 5
    },
    "3,0",
    {
      "x": 5
    },
    "3,6"
  ],
  [
    {
      "y": -0.8700000000000001
    },
    "3,5",
    "3,4",
    {
      "x": 13
    },
    "3,10",
    "3,11"
  ],
  [
    {
      "y": -0.25,
      "x": 2
    },
    "4,3",
    {
      "x": 11
    },
    "4,9"
  ],
  [
    {
      "y": -0.75
    },
    "4,5",
    "4,4",
    {
      "x": 13
    },
    "4,10",
    "4,11"
  ],
  [
    {
      "y": -0.9799999999999995,
      "x": 4.5
    },
    "4,2",
    {
      "x": 6
    },
    "4,8"
  ],
  [
    {
      "y": -0.8000000000000007,
      "x": 5.5
    },
    "4,1",
    {
      "x": 4
    },
    "4,7"
  ],
  [
    {
      "y": -0.7999999999999998,
      "x": 6.5
    },
    "4,0",
    {
      "x": 2
    },
    "4,6"
  ]
]
    }
}
